uniprot,label,n_rows,L_uniprot,n_binding,top10_fold_mean,top10_fold_median,top10_p_combined,top10_p_median,top10_p_min,top10_n_sig,top20_fold_mean,top20_fold_median,top20_p_combined,top20_p_median,top20_p_min,top20_n_sig,top30_fold_mean,top30_fold_median,top30_p_combined,top30_p_median,top30_p_min,top30_n_sig
P00519,ABL1,1,1130,17,2.9411764705882355,2.9411764705882355,0.02121605775103034,0.021216057751030352,0.021216057751030352,1,2.0588235294117645,2.0588235294117645,0.036502332517839985,0.03650233251784001,0.03650233251784001,1,1.3725490196078431,1.3725490196078431,0.22328017094836988,0.2232801709483699,0.2232801709483699,0
P00374,DHFR,4,187,30,0.6561403508771929,0.6561403508771929,0.9799497810789678,0.8476381917766923,0.8476381917766923,0,0.6561403508771929,0.6561403508771929,0.9957312410736487,0.9057482903225492,0.9057482903225492,0,0.9842105263157894,0.9842105263157894,0.698577951472372,0.6026288420737754,0.6026288420737754,0
P00533,EGFR,3,1210,13,1.5384615384615385,1.5384615384615385,0.296883894978426,0.3790604189002725,0.3790604189002725,0,0.7692307692307693,0.7692307692307693,0.8975717979120827,0.7679113362015744,0.7679113362015744,0,0.5128205128205129,0.5128205128205129,0.9960312006848092,0.9373249916587999,0.9373249916587999,0
P12931,SRC,8,536,10,0.0,0.0,1.0,1.0,1.0,0,0.0,0.0,1.0,1.0,1.0,0,0.0,0.0,1.0,1.0,1.0,0
P23219,COX1 (PTGS1),14,599,1,0.0,0.0,1.0,1.0,1.0,0,0.0,0.0,1.0,1.0,1.0,0,0.0,0.0,1.0,1.0,1.0,0
P35354,COX2 (PTGS2),16,604,3,3.300546448087432,3.300546448087432,0.008081181150896982,0.27381773340509613,0.27381773340509613,0,1.6639118457300275,1.6639118457300275,0.4571709122107441,0.4892733697905053,0.4892733697905053,0,1.1062271062271063,1.1062271062271063,0.9501502004401651,0.6596755939998147,0.6596755939998147,0
P03372,ESR1,15,595,3,0.0,0.0,1.0,1.0,1.0,0,0.0,0.0,1.0,1.0,1.0,0,0.0,0.0,1.0,1.0,1.0,0
P31645,SLC6A4 (SERT),14,630,15,0.0,0.0,1.0,1.0,1.0,0,1.6666666666666672,1.6666666666666667,0.00011023006717842934,0.16173470024545317,0.16173470024545317,0,2.222222222222222,2.2222222222222223,1.3492628617844794e-24,0.003283373450471518,0.003283373450471518,14
O76074,PDE5A,2,875,5,0.0,0.0,1.0,1.0,1.0,0,0.0,0.0,1.0,1.0,1.0,0,1.9961977186311788,1.9961977186311788,0.08261063130920993,0.16323013052205707,0.16323013052205707,0
